2020-12-27,2021-01-03,2021-01-10,2021-01-17,2021-01-24,2021-01-31,2021-02-07,2021-02-14,2021-02-21,2021-02-28,2021-03-07,2021-03-14,2021-03-21,2021-03-28,2021-04-04,2021-04-11,2021-04-18,2021-04-25,2021-05-02,2021-05-09,2021-05-16,2021-05-23,2021-05-30,2021-06-06,2021-06-13,2021-06-20,2021-06-27,2021-07-04,2021-07-11,2021-07-18,2021-07-25,2021-08-01,2021-08-08,2021-08-15,2021-08-22,2021-08-29,2021-09-05,2021-09-12,2021-09-19,2021-09-26,2021-10-03,2021-10-10,2021-10-17,2021-10-24,2021-10-31,2021-11-07,2021-11-14,2021-11-21,2021-11-28,2021-12-05,2021-12-12,2021-12-19,2021-12-26,2022-01-02,2022-01-09,2022-01-16,2022-01-23,2022-01-30,2022-02-06,2022-02-13,2022-02-20,2022-02-27,2022-03-06,2022-03-13,2022-03-20,2022-03-27,2022-04-03,2022-04-10,2022-04-17,2022-04-24,2022-05-01,2022-05-08,2022-05-15,2022-05-22,2022-05-29,2022-06-05,2022-06-12,2022-06-19,2022-06-26,2022-07-03,2022-07-10,2022-07-17,2022-07-24,2022-07-31,2022-08-07,2022-08-14,2022-08-21,2022-08-28,2022-09-04,2022-09-11,2022-09-18,2022-09-25,2022-10-02,2022-10-09,2022-10-16,2022-10-23,2022-10-30,2022-11-06,2022-11-13,2022-11-20,2022-11-27,2022-12-04,2022-12-11,2022-12-18,2022-12-25,2023-01-01,2023-01-08,2023-01-15,2023-01-22,2023-01-29,2023-02-05,2023-02-12,2023-02-19,2023-02-26,2023-03-05,2023-03-12,2023-03-19,2023-03-26,2023-04-02,2023-04-09,2023-04-16,2023-04-23,2023-04-30,2023-05-07,2023-05-14,2023-05-21
Wonder Woman 1984,Wonder Woman 1984,Wonder Woman 1984,Wonder Woman 1984,Wonder Woman 1984,The Little Things,The Little Things,Judas and the Black Messiah,Judas and the Black Messiah,Tom &amp; Jerry,Tom &amp; Jerry,Tom &amp; Jerry,Zack Snyder's Justice League,Tom &amp; Jerry,Godzilla vs. Kong,Godzilla vs. Kong,Godzilla vs. Kong,Godzilla vs. Kong,The New Mutants,Mortal Kombat,Mortal Kombat,Mortal Kombat,Greenland,Those Who Wish Me Dead,Harry Potter and the Philosopher's Stone,The Conjuring: The Devil Made Me Do It,In The Heights,In The Heights,No Sudden Move,No Sudden Move,Space Jam: A New Legacy,Space Jam: A New Legacy,Suicide Squad,The Suicide Squad,The Suicide Squad,Reminiscence,Reminiscence,Malignant,Cry Macho,Cry Macho,Promising Young Woman,The Many Saints of Newark,The Many Saints of Newark,Dune,Dune,Dune,Dune,King Richard,King Richard,King Richard,King Richard,King Richard,The Matrix Resurrections,The Matrix Resurrections,The Matrix Resurrections,The Matrix Resurrections,The Last Duel,The Fallout,The Fallout,And Just Like That… The Documentary,The King's Man,The King's Man,Free Guy,F9,Dune,Halloween Kills,Wedding Crashers,Wedding Crashers,The Night House,The Batman,Marlon Wayans Presents: The Headliners,The Survivor,The Matrix Resurrections,Old,The Mule,Fantastic Beasts: The Secrets of Dumbledore,Fantastic Beasts: The Secrets of Dumbledore,Father of the Bride,Father of the Bride,Father of the Bride,Last Night in Soho,The Bob's Burgers Movie,The Bob's Burgers Movie,Shazam!,Dodgeball: A True Underdog Story,Belfast,The Princess,American Sniper,Elvis,Elvis,Moonfall,Moonfall,DC League of Super-Pets,Eraser: Reborn,Eraser: Reborn,Halloween Kills,Barbarian,Barbarian,Don't Worry Darling,Don't Worry Darling,A Christmas Story Christmas,"Love, Lizzo",Amsterdam,Black Adam,Black Adam,Black Adam,The Menu,The Menu,Central Intelligence,Batman and Superman: Battle of the Super Sons,The Little Things,Superbad,Superbad,The Weeknd: Live At SoFi Stadium,The Weeknd: Live At SoFi Stadium,Creed,Mortal Kombat,Making of The Last of Us,Harry Potter and the Philosopher's Stone,Jason Isbell: Running With Our Eyes Closed,Ready Player One,Crazy Rich Asians,Moonage Daydream,Kingsman: The Secret Service,Step Brothers,"Love to Love You, Donna Summer"
Wonder Woman,Wonder Woman,Ma,Locked Down,Locked Down,Locked Down,Earwig and the Witch,The Little Things,The Little Things,Blade Runner 2049,Blade Runner 2049,Rocky,Beverly Hills Cop,Zack Snyder's Justice League,Zack Snyder's Justice League,The New Mutants,The New Mutants,Zack Snyder's Justice League,Zack Snyder's Justice League,Zack Snyder's Justice League,Zack Snyder's Justice League,Zack Snyder's Justice League,Tenet,Wonder Woman 1984,Those Who Wish Me Dead,Harry Potter and the Philosopher's Stone,The Conjuring: The Devil Made Me Do It,The Conjuring: The Devil Made Me Do It,In The Heights,Blackhat,No Sudden Move,Freaky,Birds of Prey,Space Jam: A New Legacy,Reminiscence,The Suicide Squad,The Suicide Squad,Harry Potter and the Philosopher's Stone,Malignant,Malignant,Ahir Shah: Dots,Corpse Bride,Voyagers,The Many Saints of Newark,The Many Saints of Newark,The Purge,Land,Dune,8-Bit Christmas,8-Bit Christmas,8-Bit Christmas,8-Bit Christmas,Ron's Gone Wrong,Harry Potter 20th Anniversary: Return to Hogwarts,Harry Potter 20th Anniversary: Return to Hogwarts,Hitman's Wife's Bodyguard,Injustice,Nobody,Nightmare Alley,Nightmare Alley,Kimi,The Many Saints of Newark,The French Dispatch,Free Guy,Dunkirk,Please Hold,King Richard,Death on the Nile,Tony Hawk: Until the Wheels Fall Off,The Forever Purge,The Incredible Hulk,Dear Evan Hansen,Dear Evan Hansen,The Matrix Resurrections,The Flight Attendant,The Accountant,Ride Along,The Card Counter,Non-Stop,Last Night in Soho,The Heat,The Other Woman,Nikki Glaser: Good Clean Filth,That Awkward Moment,My Big Fat Greek Wedding,Dodgeball: A True Underdog Story,Source Code,Katrina Babies,Wolf,Divergent,Queen of the World,Elvis,Into the Storm,DC League of Super-Pets,DC League of Super-Pets,Trick or Treat Scooby-Doo!,Green Lantern: Beware My Power,See How They Run,See How They Run,A Christmas Story Christmas,How the Grinch Stole Christmas,Elf,The Maze Runner,Amsterdam,Call Me Miss Cleo,Lizzo: Live in Concert,This Place Rules,Central Intelligence,Blended,Cold Pursuit,Tom &amp; Jerry,Edge of Tomorrow,Edge of Tomorrow,Godzilla vs. Kong,House Party,Creed II,Shazam!,Shazam!,Those Who Wish Me Dead,Harry Potter and the Philosopher's Stone,Lucy,Ice on Fire,Draft Day,Step Brothers,Kingsman: The Secret Service,Black Mass
Let Them All Talk,The Witches,Birds of Prey,The King of Staten Island,The King of Staten Island,The King of Staten Island,Safe House,Get Hard,The Book of Eli,Judas and the Black Messiah,Judas and the Black Messiah,Judas and the Black Messiah,Tom &amp; Jerry,Godzilla,Kong: Skull Island,Zack Snyder's Justice League,The Wizard of Lies,Godzilla: King of the Monsters,Mortal Kombat Legends: Scorpion's Revenge,The New Mutants,The New Mutants,The Kingdom,Zack Snyder's Justice League,Greenland,The Nun,The Nun,Harry Potter and the Philosopher's Stone,The Little Things,The Little Things,Wonder Woman 1984,White Chicks,Tom &amp; Jerry,Space Jam: A New Legacy,Suicide Squad,Godzilla vs. Kong,San Andreas,Magic Mike XXL,News of the World,Reminiscence,Friday,Wedding Crashers,Those Who Wish Me Dead,15 Minutes of Shame,Joker,The Conjuring: The Devil Made Me Do It,The Wolverine,Elf,Elf,DMX: Don't Try to Understand,Elf,R.I.P.D.,Mr. Saturday Night,Juice WRLD: Into the Abyss,The Suicide Squad,Fantastic Beasts and Where to Find Them,Reminiscence,The Suicide Squad,Alvin and the Chipmunks,The Hangover Part III,Cry Macho,Antlers,Free Guy,Frederick Douglass: In Five Speeches,The King's Man,Please Hold,King Richard,Death on the Nile,Jerrod Carmichael: Rothaniel,We're the Millers,The House,RED,The Switch,Get Hard,Get Hard,The Gift,GoodFellas,Delivery Man,Roadrunner: A Film About Anthony Bourdain,It Chapter Two,Blue Bayou,White Chicks,White Chicks,Godzilla,We're the Millers,Kung Fu Panda,My Big Fat Greek Wedding,Horrible Bosses 2,We're the Millers,Katrina Babies,Insurgent,Elvis,Tammy,Escape from Kabul,Beetlejuice,Straight Outta Nowhere: Scooby-Doo! Meets Courage the Cowardly Dog,Harry Potter 20th Anniversary: Return to Hogwarts,The Fastest Woman on Earth,Neighbors,Neighbors,How the Grinch Stole Christmas,Elf,Holiday Harmony,A Hollywood Christmas,A Star is Born,The Banshees of Inisherin,This Place Rules,John Wick,The Nun,Batman and Superman: Battle of the Super Sons,Moonfall,Judas and the Black Messiah,Bride Wars,Bride Wars,Don't Worry Darling,Creed,House Party,Making of The Last of Us,All the Beauty and the Bloodshed,The Flight Attendant,Harry Potter and the Chamber of Secrets,Exodus: Gods and Kings,All That Breathes,Temple Grandin,Moonage Daydream,Fifty Shades of Grey,Men in Black
Superintelligence,Let Them All Talk,Mad Max: Fury Road,Kong: Skull Island,Suicide Squad,Suicide Squad,Locked Down,Irresistible,Dunkirk,The Little Things,Godzilla: King of the Monsters,I Am Legend,Speed,Godzilla: King of the Monsters,Godzilla: King of the Monsters,Kong: Skull Island,Zack Snyder's Justice League,Kong: Skull Island,King Arthur: Legend of the Sword,Birds of Prey,Mortal Kombat Legends: Scorpion's Revenge,The New Mutants,Rush Hour,Tenet,Wonder Woman 1984,Wonder Woman 1984,The Fast and the Furious,The 40 Year Old Virgin,Fatale,Zack Snyder's Justice League,Wonder Woman 1984,Space Jam,Freaky,The Hangover Part III,Jurassic Park,Marlon Wayans: You Know What It Is,Harry Potter and the Philosopher's Stone,Harry Potter and the Chamber of Secrets,Mortal Kombat,We're the Millers,Blade,"Batman: The Long Halloween, Part 1",It Chapter Two,"Phoebe Robinson: Sorry, Harriet Tubman",Four Hours at the Capitol,The Bourne Identity,A Good Day to Die Hard,Boogie,Elf,DMX: Don't Try to Understand,Space Jam: A New Legacy,Elf,The Matrix,Fantastic Beasts and Where to Find Them,Fantastic Beasts: The Crimes of Grindelwald,Euphoria,Zombieland,Moses Storm: Trash White,Malignant,This Is Where I Leave You,Valentine's Day,Icahn: The Restless Billionaire,West Side Story,Pacific Rim,The Dark Knight Rises,The Dress,The Eyes of Tammy Faye,Tony Hawk: Until the Wheels Fall Off,Man of Steel,Marlon Wayans Presents: The Headliners,The Survivor,Unbroken,Catwoman: Hunted,Catwoman: Hunted,Escape Plan 2: Hades,Fantastic Beasts: The Crimes of Grindelwald,The Da Vinci Code,Jurassic Park,Blue Bayou,Chernobyl: The Lost Tapes,The Other Woman,Mad Max: Fury Road,Annabelle Comes Home,Aquaman,Citizen Ashe,Ex Machina,Beetlejuice,Dune,Mind Over Murder,The Divergent Series: Allegiant,Tammy,Escape from Kabul,Halloween Kills,Let's Be Cops,38 at the Garden,Mama's Boy,Jumper,Beetlejuice,A Million Ways to Die in the West,Elf,"Love, Lizzo",How the Grinch Stole Christmas,How the Grinch Stole Christmas,How the Grinch Stole Christmas,Elf,Call Me Miss Cleo,John Wick: Chapter Two,John Wick: Chapter Two,Elvis,Little Nicky,The Hobbit: The Battle of the Five Armies,War of the Worlds,War of the Worlds,Father of the Bride,Creed II,Marlon Wayans: God Loves Me,Navalny,Kick-Ass,The Matrix Resurrections,Harry Potter and the Prisoner of Azkaban,Coraline,Hunter Killer,Coraline,50 First Dates,Legion of Super-Heroes,Men in Black II
The Witches,Justice League,Kong: Skull Island,Godzilla: King of the Monsters,Ready Player One,Ready Player One,The Mummy,Earwig and the Witch,Get Hard,POKÉMON Detective Pikachu,Kong: Skull Island,Inception,Rocky,Kong: Skull Island,Godzilla,Godzilla: King of the Monsters,Godzilla: King of the Monsters,Godzilla,Kong: Skull Island,Mortal Kombat Legends: Scorpion's Revenge,Fast &amp; Furious Presents: Hobbs &amp; Shaw,Mortal Kombat Legends: Scorpion's Revenge,Abraham Lincoln: Vampire Hunter,Zack Snyder's Justice League,Greenland,Greenland,The Nun,Independence Day,The Fast and the Furious,The Fast and the Furious,Identity Thief,The Hunt,Tom &amp; Jerry,The Hangover Part II,The Lost World: Jurassic Park,Half Brothers,Transformers,Harry Potter and the Prisoner of Azkaban,The Matrix,Next Friday,He's Just Not That Into You,The Internship,"If I Can’t Have Love, I Want Power",Cellular,Dune,Trick 'r Treat,The Wolverine,The Outsiders,The Outsiders,National Lampoon's Christmas Vacation,"I, Robot",National Lampoon's Christmas Vacation,Elf,Fantastic Beasts: The Crimes of Grindelwald,The Eyes of Tammy Faye,Euphoria,2 Guns,Annabelle: Creation,Kick-Ass 2,Riddick,Carole King &amp; James Taylor: Just Call Out My Name,The Suicide Squad,F9,Dracula Untold,Friday,Fantastic Beasts and Where to Find Them,Blade Runner 2049,The Night House,Black Mass,Bill Maher: #Adulting,RED 2,The Flight Attendant,Constantine,The Mule,Aquaman,Fantastic Beasts and Where to Find Them,The Grand Budapest Hotel,The Lost World: Jurassic Park,Chernobyl: The Lost Tapes,The Janes,Lone Survivor,Lone Survivor,Gravity,Rio 2,Belle,Pulp Fiction,Under the Skin,Beetlejuice,The Hobbit: The Desolation of Smaug,Hot Tub Time Machine,Vacation,Vacation,The Other Woman,The Witch,Beetlejuice,Beetlejuice,Shazam!,Harry Potter and the Philosopher's Stone,Harry Potter and the Philosopher's Stone,Santa Camp,Holiday Harmony,National Lampoon's Christmas Vacation,The Fallout,Elf,How the Grinch Stole Christmas,The Banshees of Inisherin,John Wick: Chapter 3 – Parabellum,John Wick: Chapter 3 – Parabellum,Horrible Bosses 2,The Survivor,Superbad,Live Free or Die Hard,Live Free or Die Hard,Chasing Greatness: Coach K x LeBron,Alvin and the Chipmunks,Ghost Ship,The Banshees of Inisherin,Aquaman,Neighbors,Harry Potter and the Goblet of Fire,Talladega Nights: The Ballad of Ricky Bobby,Project X,The Cabin in the Woods,Fifty Shades of Grey,50 First Dates,Men in Black 3
Last Christmas,Batman v Superman: Dawn of Justice,Ocean's Eleven,Ready Player One,Ocean's Eleven,Ocean's Eleven,The King of Staten Island,Aquaman,Irresistible,The Book of Eli,Constantine,Blade Runner 2049,I Am Legend,Crazy Rich Asians,Space Jam,Godzilla,Kong: Skull Island,Space Jam,Fast &amp; Furious Presents: Hobbs &amp; Shaw,Mortal Kombat: Annihilation,Aquaman,Fast &amp; Furious Presents: Hobbs &amp; Shaw,Norbit,Rush Hour,This Is 40,This Is 40,Greenland,The Nun,The 40 Year Old Virgin,Joker,Zack Snyder's Justice League,LFG,Space Jam,Birds of Prey,Jurassic Park III,Godzilla vs. Kong,We're the Millers,Transformers,Mad Max: Fury Road,Friday After Next,Godzilla,The Invisible Man,One Hour Photo,Journey 2: The Mysterious Island,Ricky Velez: Here's Everything,The Bourne Supremacy,The Bourne Identity,A Cinderella Story: Starstruck,Rock and Roll Hall of Fame 2021 Induction Ceremony,The Polar Express,Percy Jackson: Sea of Monsters,The Polar Express,The Suicide Squad,The Eyes of Tammy Faye,Fast &amp; Furious 6,Horrible Bosses 2,The Murder of Fred Hampton,300,Riddick,Kimi,Aquaman,Riddick,Jurassic Park,West Side Story,Shrek the Third,Fantastic Beasts: The Crimes of Grindelwald,When We Were Bullies,Beetlejuice,Fantastic Beasts and Where to Find Them,Black Mass,Pacific Rim,Constantine,17 Again,The Time Traveler's Wife,Fantastic Beasts and Where to Find Them,Ride Along,The Goonies,Jurassic Park III,Tom and Jerry: Cowboy Up!,Endangered,Hellboy,Geostorm,Mad Max: Fury Road,Zack Snyder's Justice League,Ex Machina,Kung Fu Panda,Kung Fu Panda,The Incredible Hulk,The Hobbit: The Battle of the Five Armies,Wild Hogs,The Queen,Halloween Kills,Mississippi Grind,Into the Storm,Halloween Kills,White Chicks,Bad Teacher,Harry Potter and the Chamber of Secrets,Harry Potter and the Chamber of Secrets,Lil Rel Howery: I said it. Y'all thinking it.,A Christmas Mystery,A Christmas Mystery,Gone Girl,The Banshees of Inisherin,National Lampoon's Christmas Vacation,John Wick,The Man from U.N.C.L.E.,Just a Boy From Tupelo: Bringing Elvis To The Big Screen,Vacation,Every Secret Thing,Bride Wars,What Happened in Vegas,Navalny,Black Adam,Marlon Wayans: God Loves Me,Kong: Skull Island,Elvis,We're the Millers,Free Guy,Harry Potter and the Order of the Phoenix,Knowing,Twister,Godzilla vs. Kong,The Blind Side,The Blind Side,Trouble with the Curve
Underwater,Birds of Prey,Wonder Woman,Rampage,Rampage,Rampage,Kong: Skull Island,Safe House,There Is No I in Threesome,Dunkirk,Persona: The Dark Truth Behind Personality Tests,Godzilla: King of the Monsters,Inception,Speed,Crazy Rich Asians,Ted,Godzilla,King Arthur: Legend of the Sword,Get Hard,Fast &amp; Furious Presents: Hobbs &amp; Shaw,Osmosis Jones,Aquaman,Fast &amp; Furious Presents: Hobbs &amp; Shaw,Abraham Lincoln: Vampire Hunter,Tenet,The Conjuring,Wonder Woman 1984,Shazam!,Space Jam,The Little Things,Space Jam,The Empty Man,The Hunt,All My Life,"Woodstock 99: Peace, Love, and Rage",In the Same Breath,Rush Hour,Harry Potter and the Goblet of Fire,The Matrix Reloaded,A Fistful of Dollars,Monster-in-Law,"Batman: The Long Halloween, Part Two",It,The Campaign,Journey 2: The Mysterious Island,In The Heights,The Bourne Supremacy,National Lampoon's Christmas Vacation,National Lampoon's Christmas Vacation,Inside Man,Mortal Kombat Legends: Battle of the Realms,The Matrix,Beanie Mania,The Polar Express,Harry Potter and the Philosopher's Stone,Justice Society: World War II,Moses Storm: Trash White,Friday,Long Shot,Kick-Ass 2,Alvin and the Chipmunks,Harry Potter and the Philosopher's Stone,Ready Player One,Nobody,The Lego Batman Movie,Point Break,Nightmare Alley,RED,Fantastic Beasts: The Crimes of Grindelwald,Fantastic Beasts and Where to Find Them,Aquaman,What to Expect When You're Expecting,The Notebook,The Break-Up,Skin Can Breathe,Navalny,Chef,Fantastic Beasts: The Secrets of Dumbledore,Crazy Rich Asians,It Chapter Two,Wellington Paranormal,Hellboy,Geostorm,We Met in Virtual Reality,Beetlejuice,Entre Nos Presents: Jesus Sepulveda: Mr. Tough Life,Non-Stop,The Lord of the Rings: The Fellowship of the Ring,The Lord of the Rings: The Fellowship of the Ring,Killer Elite,The Wood,Dragon Blade,Practical Magic,Rampage,Corpse Bride,Corpse Bride,The Purge,Harry Potter and the Prisoner of Azkaban,Harry Potter and the Prisoner of Azkaban,Ian Lara: Romantic Comedy,2022 Rock &amp; Roll Hall of Fame Induction Ceremony,The Polar Express,The Purge: Anarchy,Call Me Miss Cleo,The Polar Express,John Wick: Chapter Two,Matilda,Matilda,The Banshees of Inisherin,Blast from the Past,War of the Worlds,"Marcella Arguello: Bitch, Grow Up!",All That Breathes,Elvis,The Expendables,This Is the End,Long Shot,Divergent,Race,Harry Potter and the Half-Blood Prince,Harry Potter and the Philosopher's Stone,Contact,Enter the Warriors Gate,Jupiter Ascending,Jupiter Ascending,F9
Die Hard,Superintelligence,Batman v Superman: Dawn of Justice,Mad Max: Fury Road,Mad Max: Fury Road,Mad Max: Fury Road,Godzilla: King of the Monsters,Vacation,Earwig and the Witch,Get Hard,I Am Legend,Kong: Skull Island,Blade Runner 2049,Beverly Hills Cop,Batman v Superman: Dawn of Justice,King Arthur: Legend of the Sword,Space Jam,Mortal Kombat Legends: Scorpion's Revenge,The Watch,Get Hard,Selena,Osmosis Jones,The New Mutants,Madea's Witness Protection,Zack Snyder's Justice League,Tenet,The Curse of La Llorona,Greenland,Shazam!,Scoob!,8 Mile,No Sudden Move,The Empty Man,The Hangover,Friday the 13th,Kong: Skull Island,Oblivion,Oblivion,The Matrix Revolutions,"The Good, the Bad and the Ugly",Selena,House of Wax,Shrek the Third,It Chapter Two,Joker,Sherlock Holmes: A Game of Shadows,The Bourne Legacy,Dear Rider: The Jake Burton Story,Comedy Chingonas,Four Christmases,The Italian Job,The Matrix Reloaded,The Matrix Reloaded,Horrible Bosses 2,Harry Potter and the Chamber of Secrets,300: Rise of an Empire,Child 44,Dragged Across Concrete,And Just Like That… The Documentary,3:10 to Yuma,The Fallout,Hitman's Wife's Bodyguard,Shazam!,Robin Hood,Ted,Pseudo,Drive My Car,Fantastic Beasts: A Natural History,Wrath of the Titans,Fantastic Beasts: The Crimes of Grindelwald,Godzilla vs. Kong,Transporter 3,Transporter 3,Godzilla vs. Kong,Harry Potter and the Philosopher's Stone,Delivery Man,Jurassic Park,The Janes,My Big Fat Greek Wedding,Julia,Geostorm,That Awkward Moment,Blue Streak,Injustice,Pulp Fiction,Beetlejuice,Dodgeball: A True Underdog Story,Fantastic Beasts: The Secrets of Dumbledore,The Lord of the Rings: The Two Towers,Good Will Hunting,Practical Magic,Practical Magic,Free Guy,Wrath of the Titans,Let's Be Cops,We're the Millers,Year One: A Political Odyssey,Harry Potter and the Goblet of Fire,Harry Potter and the Goblet of Fire,The Polar Express,A Christmas Story,The Howard Stern Interview: Bruce Springsteen,Street Kings,National Lampoon's Christmas Vacation,Pelosi in the House,John Wick: Chapter 3 – Parabellum,Lizzo: Live in Concert,Elvis,Malibu's Most Wanted,Contagion,Live Free or Die Hard,Magic Mike,Dionne Warwick: Don't Make Me Over,Old,The Expendables 2,The Expendables,Bloodsport,Insurgent,Divergent,Harry Potter and the Deathly Hallows: Part 1,Harry Potter and the Chamber of Secrets,The Animal,F9,The Karate Kid,Horton Hears a Who!,Legion of Super-Heroes
Next Friday,Die Hard,Justice League,Ocean's Eleven,The Dark Knight Rises,The Dark Knight Rises,Don't Let Go,The Mummy,Aquaman,Irresistible,Man of Steel,Selena,Godzilla: King of the Monsters,I Am Legend,Pitch Perfect,Space Jam,King Arthur: Legend of the Sword,Aquaman,Ready Player One,Aquaman,Birds of Prey,Birds of Prey,Ted,The Personal History of David Copperfield,The Wedding Singer,Zack Snyder's Justice League,Tenet,Clueless,Greenland,Disturbia,The Fast and the Furious,The Little Things,White Chicks,Horrible Bosses,Rush Hour 2,The Notebook,The Day After Tomorrow,Harry Potter and the Order of the Phoenix,Ocean's Eleven,Per qualche dollaro in piu,A Nightmare on Elm Street,Blades of Glory,Blades of Glory,Journey to the Center of the Earth,The Campaign,Journey 2: The Mysterious Island,Aida Rodriguez: Fighting Words,White Chicks,The Killing of Kenneth Chamberlain,A Christmas Story,The Blind Side,Ron's Gone Wrong,National Lampoon's Christmas Vacation,Beanie Mania,Harry Potter and the Prisoner of Azkaban,The Curse of La Llorona,12 Strong,Blades of Glory,3:10 to Yuma,Long Shot,Icahn: The Restless Billionaire,Harry Potter and the Chamber of Secrets,Riddick,The Fast and the Furious: Tokyo Drift,The Day the Earth Stood Still,Dirty Dancing,How to Survive a Pandemic,Wrath of the Titans,RED 2,RED,American Psycho,17 Again,The Switch,American Psycho,Jurassic Park,Miami Vice,Angels &amp; Demons,Scooby-Doo,300,White Chicks,Safe,Rio 2,Rio 2,Crazy Rich Asians,Charlie's Angels,Training Day,Jack the Giant Slayer,The Captive,The Lord of the Rings: The Return of the King,The Host,"Diana, Our Mother: Her Life and Legacy",Constantine,61*,Popstar: Never Stop Never Stopping,Rampage,A Nightmare on Elm Street,Man of Steel,Harry Potter and the Order of the Phoenix,Harry Potter and the Order of the Phoenix,National Lampoon's Christmas Vacation,A Christmas Story 2,Four Christmases,Friends with Benefits,The Maze Runner,A Christmas Story,Pelosi in the House,White Chicks,House Party,Barbarian,Coming to America,Valentine's Day,Dionne Warwick: Don't Make Me Over,Star Trek: First Contact,The Batman,The Expendables 3,The Expendables 2,Anger Management,The Divergent Series: Allegiant,Point Break,Harry Potter and the Deathly Hallows: Part 2,Harry Potter and the Prisoner of Azkaban,Blade,Insidious,Horton Hears a Who!,Run All Night,"1, 2, 3, All Eyes On Me"
The Hobbit: An Unexpected Journey,The Hobbit: An Unexpected Journey,Ready Player One,Wonder Woman,Wonder Woman,Wonder Woman,Suicide Squad,Godzilla: King of the Monsters,Safe House,There Is No I in Threesome,Batman v Superman: Dawn of Justice,Constantine,Kong: Skull Island,Inception,Beverly Hills Cop,Aquaman,Mortal Kombat Legends: Scorpion's Revenge,Birds of Prey,Birds of Prey,Kong: Skull Island,Ready Player One,Ready Player One,Birds of Prey,300: Rise of an Empire,Norbit,The Wedding Singer,This Is 40,Wonder Woman 1984,Zack Snyder's Justice League,2 Fast 2 Furious,Disturbia,White Chicks,No Sudden Move,The Great Gatsby,Scary Movie 3,Eyes on the Prize: Hallowed Ground,Taken 2,Harry Potter and the Half-Blood Prince,Extra Innings from 9/11: 20 Years Later,Wrath of the Titans,Freddy vs. Jason,Hacksaw Ridge,Corpse Bride,Shrek the Third,It,The Transporter,V for Vendetta,The Polar Express,The Polar Express,South Park,Four Christmases,The Slow Hustle,The Polar Express,Insecure: The End,Harry Potter and the Goblet of Fire,Pitch Perfect,"Diego, The Last Goodbye",Horrible Bosses,This Is Where I Leave You,"Crazy, Stupid, Love.",Blades of Glory,Harry Potter and the Prisoner of Azkaban,Miss Congeniality,Ender's Game,Next Friday,Harry Potter and the Philosopher's Stone,San Andreas,The Break-Up,The Break-Up,The Truman Show,F9,Brothers by Blood,Jonah Hex,Disturbia,GoodFellas,The Many Saints of Newark,300,Babylon A.D.,Johnson Family Vacation,The Heat,The Counselor,Scary Movie 2,The Counselor,Halloween Kills,Miss Congeniality,Belle,From Hell,Teen Titans Go! vs. Teen Titans,The Incredible Hulk,Clash of the Titans,Life of Crime,Nobody,Kick-Ass,Jumper,Practical Magic,The Fastest Woman on Earth,Superman/Shazam!: The Return of Black Adam,Harry Potter and the Half-Blood Prince,Harry Potter and the Half-Blood Prince,Fruitvale Station,National Lampoon's Christmas Vacation,Oprah and Quinta Brunson Abbott Elementary,Stomp the Yard,The Polar Express,Shazam!,Shazam!,Hereditary,The Campaign,Money Talks,Blended,The Batman,The Great Gatsby,The Grand Budapest Hotel,Casino Royale,Elvis,The Expendables 3,House of Wax,Moonfall,Kong: Skull Island,The House Bunny,Harry Potter and the Goblet of Fire,Because I Said So,The Bodyguard,13 Going On 30,The Karate Kid,The Conjuring
