title,imdb_id
The Fifth Element,tt0119116
A Few Good Men,tt0104257
Balle Spaziali,MISSING
The Autopsy Of Jane Doe,tt3289956
Corsage,tt11992694
Kill List,tt1788391
An American Werewolf In London,tt0082010
Certain Women,tt4468634
Exam,tt1258197
The Devils Doorway,tt6793280
Pyewacket,tt5119116
The Man Who Knew Infinity,tt0787524
The Great Outdoors,tt0095253
Room 237 Being An Inquiry Into The Shining In 9 Parts,MISSING
A Lonely Place To Die,tt1422136
Gates Of Heaven,tt0077598
Atm,MISSING
The Myth Of The American Sleepover,tt1174042
Save The Date,tt1965065
Sword Of Trust,tt8484012
Tale Of Tales,tt3278330
The Tribes Of Palos Verdes,tt1507571
Snowtown,MISSING
Peep World,tt1103273
An Acceptable Loss,tt7049542
Mary Magdalene,tt5360996
The Blue Room,tt3230082
The Duke Of Burgundy,tt2570858
Backcountry,tt2944198
Corridors Of Evil,MISSING
Medicine For Melancholy,tt1133989
Cold In July,tt1179031
Rust Creek,tt6610158
Weiner,tt5278596
The Best Offer,tt1924396
The Seven Five,tt4136056
Go Get Some Rosemary,tt1426362
Human Centipede,MISSING
Dont Knock Twice,MISSING
Band Aid,tt5816374
Dealt,tt3127902
Slow Learners,tt2537390
I Am Not A Serial Killer,tt4303340
I Daniel Blake,tt5168192
The Catcher Was A Spy,tt4602066
Beneath,tt2325518
Nick Nolte No Exit,tt1199503
Good Time Max,tt0469913
Brief Interviews With Hideous Men,tt0790627
Lovers Of Hate,tt1436560
The Keeper Of Lost Causes,tt2438644
Donnybrook,tt7087210
Into The Abyss,tt1972663
The Pact Ii,tt2924442
Our Song,tt0234407
Errors Of The Human Body,tt1835955
Do I Sound Gay,tt3997238
Kaleidoscope,tt5634088
Clouds Of Sils Maria,tt2452254
Killing Ground,tt4728386
Queen Of Earth,tt3993894
The Loneliest Planet,tt1695405
Filth And Wisdom,tt1042499
The Salvation,tt2720680
My Effortless Brilliance,tt1183684
Rebel In The Rye,tt4986134
Burke And Hare,tt1320239
The Decoy Bride,tt1657299
Elizabeth Harvest,tt6852872
The Den,tt2503154
Bare,tt3741316
Tabloid,tt1704619
68 Kill,tt5189894
Marguerite And Julien,MISSING
The Overbrook Brothers,tt1365637
House Of Tolerance,tt1660379
Contracted,tt2281159
Walking Out,tt5420886
Julias Eyes,tt1512685
The Female Brain,tt5752360
Curse Of The Blood Ghouls,tt0056528
An Invisible Sign,tt1212454
The Pact,tt2040560
The Human Centipede 2 Full Sequence,tt1530509
Sweet Virginia,tt2582498
Dheepan,tt4082068
Buck,tt1753549
A Conspiracy Of Faith,tt4088268
Dirty Wars,tt0427157
Beyond The Gates,tt4687358
Anesthesia,tt3317208
Furlough,tt5291792
King Georges,tt4092774
Diary Of A Nymphomaniac,tt1111890
King Cobra,tt5129682
I Hate Valentines Day,tt0762105
The Punk Singer,tt1785612
Sexual Chronicles Of A French Family,tt1753584
Camp X Ray,tt2994190
Contracted Phase Ii,tt4255110
Born To Be Blue,tt2133196
Gods Pocket,tt2920808
Life During Wartime,tt0808526
The Human Centipede 3 Final Sequence,MISSING
A Kid Like Jake,tt6884200
Welcome To New York,tt2758890
The Pack,tt4167720
The Summit,tt2363471
Are,MISSING
Desolation,tt5047400
In Her Skin,tt0995851
Bound To Vengeance,tt1230213
Free The Nipple,tt2298394
You Kill Me,tt0796375
Lucky Them,tt1885299
Hellion,tt3186318
The Preppie Connection,tt2654572
Goodbye To All That,tt2437548
White Reindeer,tt2570738
Beneath The Dark,tt1781775
Eloise,tt3692652
Choose,tt0087054
Cam2Cam,tt2469760
The Brother From Another Planet,tt0087004
Blood Of The Vampire,tt0051422
War Of The Colossal Beast,tt0052378
Lianna,tt0085838
The Saddest Music In The World,tt0366996
Breaking Upwards,tt1247644
Uncle Kent,tt1787831
Nights And Weekends,tt1186248
Terror Beneath The Sea,tt0060580
Matters Of The Heart,tt0100123
The Saga Of The Viking Women And Their Voyage To The Waters Of The Great Sea Serpent,tt0052156
Trail Of The Screaming Forehead,tt0486665
Big Bad Love,tt0260746
Sorority Girl,tt0050998
The Undead,tt0051128
Passing Strange,tt3457144
Rock All Night,tt0050906
Dancing In Jaffa,tt2125480
Violent Midnight,tt0057434
Far From The Tree,tt6848736
Submarine Seahawk,tt0052256
The Tanks Of El Alamein,MISSING
Tank Commandos,tt0053332
Prince Of Space,tt0053464
Suicide Battalion,tt0052257
Roadracers,tt0230702
Wet Asphalt,tt0051982
